SET SQL_MODE = "NO_AUTO_VALUE_ON_ZERO";
SET AUTOCOMMIT = 0;
START TRANSACTION;
SET time_zone = "+00:00";


/*!40101 SET @OLD_CHARACTER_SET_CLIENT=@@CHARACTER_SET_CLIENT */;
/*!40101 SET @OLD_CHARACTER_SET_RESULTS=@@CHARACTER_SET_RESULTS */;
/*!40101 SET @OLD_COLLATION_CONNECTION=@@COLLATION_CONNECTION */;
/*!40101 SET NAMES utf8mb4 */;

--
-- Base de données :  `films`
--

DROP DATABASE IF EXISTS `films`;

CREATE DATABASE IF NOT EXISTS `films`;

USE `films`;

-- --------------------------------------------------------

--
-- Structure de la table `archive_film`
--

DROP TABLE IF EXISTS `archive_film`;
CREATE TABLE IF NOT EXISTS `archive_film` (
  `id` int(11) NOT NULL AUTO_INCREMENT,
  `id_director` int(11) DEFAULT NULL,
  `title` varchar(100) NOT NULL,
  `title_fr` varchar(100) NOT NULL,
  `type` varchar(45) NOT NULL,
  `year` year(4) NOT NULL,
  `score` decimal(2,1) DEFAULT NULL,
  PRIMARY KEY (`id`),
  KEY `fk_archive_film_director` (`id_director`)
) ENGINE=InnoDB DEFAULT CHARSET=utf8;

-- --------------------------------------------------------

--
-- Structure de la table `director`
--

DROP TABLE IF EXISTS `director`;
CREATE TABLE IF NOT EXISTS `director` (
  `id` int(11) NOT NULL AUTO_INCREMENT,
  `name` varchar(45) DEFAULT NULL,
  PRIMARY KEY (`id`),
  UNIQUE KEY `name` (`name`)
) ENGINE=InnoDB AUTO_INCREMENT=297 DEFAULT CHARSET=utf8;

--
-- Déchargement des données de la table `director`
--

INSERT INTO `director` (`id`, `name`) VALUES
  (210, 'Adam McKay'),
  (95, 'Adam Shankman'),
  (81, 'Adrew Adamson'),
  (53, 'Alain Chabat'),
  (243, 'Alan Taylor'),
  (268, 'Alejandro Gonzalez Inarritu'),
  (116, 'Alex Proyas'),
  (147, 'Alexandre Aja'),
  (252, 'Alexandre Astier'),
  (233, 'Alexandre de La Patellière'),
  (117, 'Alfonso Cuaron'),
  (2, 'Alfred Hitchcock'),
  (281, 'Andrei Zvyagintsev'),
  (136, 'Andrew Adamson'),
  (137, 'Andrew Douglas'),
  (222, 'Andrew Niccol'),
  (105, 'Andrew Stanton'),
  (164, 'Andrew Walker'),
  (138, 'Andy Tennant'),
  (29, 'Annabel Jankel'),
  (244, 'Anthony Marciano'),
  (82, 'Ariel Zeitoun'),
  (8, 'Art Stevens'),
  (282, 'Barry Jenkins'),
  (24, 'Barry Sonnenfeld'),
  (61, 'Bary Cook'),
  (83, 'Baz Luhrmann'),
  (3, 'Blake Edwards'),
  (23, 'Bob Hathcock'),
  (283, 'Bong Joon-Ho'),
  (118, 'Brad Bird'),
  (119, 'Brad Silberling'),
  (148, 'Brett Ratner'),
  (47, 'Brian Levant'),
  (39, 'Bryan Singer'),
  (178, 'Byron Howard'),
  (149, 'Carlos Saldanha'),
  (84, 'Charles Nemes'),
  (68, 'Chris Buck'),
  (85, 'Chris Colombus'),
  (165, 'Chris Miller'),
  (234, 'Chris Renaud'),
  (120, 'Chris Stokes'),
  (96, 'Chris Wedge'),
  (262, 'Chris Williams'),
  (121, 'Christophe Barratier'),
  (139, 'Christopher Nolan'),
  (32, 'Chuck Russel'),
  (69, 'Claude Zidi'),
  (122, 'Clint Eastwood'),
  (263, 'Colin Trevorrow'),
  (179, 'Craig Mazin'),
  (269, 'Damien Chazelle'),
  (245, 'Dan Scanlon'),
  (270, 'Daniel Scheinert'),
  (48, 'Danny Boyle'),
  (54, 'Danny DeVito'),
  (123, 'Danny Leiner'),
  (180, 'Dany Boon'),
  (284, 'Darren Aronofsky'),
  (194, 'David Charhon'),
  (70, 'David Fincher'),
  (150, 'David Frankel'),
  (86, 'David Lynch'),
  (106, 'David M. Evans'),
  (166, 'David Silverman'),
  (167, 'David Yates'),
  (107, 'David Zucker'),
  (246, 'Denis Villeneuve'),
  (181, 'Dennis Dugan'),
  (182, 'Dennis Gansel'),
  (40, 'Didier Bourdon'),
  (33, 'Don Bluth'),
  (71, 'Donald Petrie'),
  (183, 'Doug Liman'),
  (235, 'Drew Goddard'),
  (271, 'Duncan Jones'),
  (124, 'Edgar Wright'),
  (151, 'Edward Zwick'),
  (195, 'Emmanuel Klotz'),
  (125, 'Eric Bergeron'),
  (126, 'Eric Bress'),
  (62, 'Eric Darnell'),
  (285, 'Eric Judor'),
  (184, 'Eric Judor et Ramzy Bedia'),
  (211, 'Eric Lavaine'),
  (76, 'Eric Leighton'),
  (152, 'Eric Steven Stahl'),
  (153, 'Fabien Onteniente'),
  (7, 'Francis Ford Coppola'),
  (168, 'Francis Lawrence'),
  (63, 'Francis Veber'),
  (236, 'Franck Gastambide'),
  (108, 'François Desagnat'),
  (185, 'Frederic Forestier'),
  (64, 'Frères Cohen'),
  (253, 'Frères Russo'),
  (72, 'Frères Weitz'),
  (196, 'Gabriel Julien-Laferrière'),
  (154, 'Gabriele Muccino'),
  (272, 'Gareth Edwards'),
  (273, 'Garth Davis'),
  (49, 'Gary Trousdale'),
  (197, 'Gavin Hood'),
  (9, 'George Lucas'),
  (264, 'George Miller'),
  (17, 'George Pan Cosmatos'),
  (109, 'Gore Verbinski'),
  (169, 'Greg Mottola'),
  (247, 'Guillermo Del Toro'),
  (30, 'Harold Ramis'),
  (20, 'Hayao Miyazaki'),
  (34, 'Hervé Palud'),
  (212, 'Hervé Renoh'),
  (274, 'Heugo Gélin'),
  (275, 'Houda Benyamina'),
  (11, 'Irvin Kershner'),
  (15, 'Ivan Reitman'),
  (265, 'J. J. Abrams'),
  (87, 'J.B. Rogers'),
  (294, 'Jake Kasdan'),
  (198, 'James Cameron'),
  (254, 'James Gunn'),
  (140, 'James Huth'),
  (248, 'James Wan'),
  (186, 'Jason Friedberg'),
  (77, 'Jay Roach'),
  (73, 'Jean-François Laguionie'),
  (55, 'Jean-Jacques Annaud'),
  (31, 'Jean-Marie Poiré'),
  (187, 'Jeff Wadlow'),
  (88, 'Jesse Dylan'),
  (25, 'Jim Abrahams'),
  (188, 'Jimmy Hayward'),
  (16, 'Joe Dante'),
  (41, 'Joe Johnston'),
  (155, 'Joe Nussbaum'),
  (50, 'Joe Pytka'),
  (97, 'Joel Schumacher'),
  (237, 'John Hurwitz'),
  (42, 'John Lasseter'),
  (27, 'John Muskers'),
  (199, 'John Putch'),
  (200, 'John Schultz'),
  (110, 'John Singleton'),
  (189, 'Jon Favreau'),
  (286, 'Jon Watts'),
  (26, 'Jonathan Demme'),
  (201, 'Jonathan Mostow'),
  (287, 'Jordan Peele'),
  (238, 'Joss Whedon'),
  (141, 'Judd Apatow'),
  (288, 'Junji Shimizu'),
  (156, 'Justin Lin'),
  (78, 'Keenen Ivory Wayans'),
  (223, 'Kenneth Branagh'),
  (157, 'Kenny Ortega'),
  (43, 'Kevin Lima'),
  (79, 'Kinji Fukasaku'),
  (239, 'Larry Charles'),
  (202, 'Laurent Tirard'),
  (170, 'Lee Tamahori'),
  (213, 'Lee Unkrich'),
  (224, 'Lionel Steketee'),
  (203, 'Lisa Azuelos'),
  (98, 'Louis Leterrier'),
  (35, 'Luc Besson'),
  (127, 'Luke Greenfield'),
  (289, 'Macon Blair'),
  (240, 'Marc Webb'),
  (111, 'Mark Johnson'),
  (99, 'Mark Mylod'),
  (190, 'Mark Osborne'),
  (171, 'Mark Steven Johnson'),
  (112, 'Mark Waters'),
  (266, 'Martin Bourboulon'),
  (214, 'Martin Scorsese'),
  (172, 'Martin Weisz'),
  (255, 'Matt Reeves'),
  (276, 'Matt Ross'),
  (215, 'Matthew Vaughn'),
  (44, 'Michael Bay'),
  (128, 'Michael Keusch'),
  (100, 'Michael Lehmann'),
  (295, 'Michael Ritchie'),
  (216, 'Michael Spierig'),
  (290, 'Michael Tiddes'),
  (217, 'Michaël Youn'),
  (129, 'Michel Gondry'),
  (158, 'Michel Hazanavicius'),
  (45, 'Mike Gabriel'),
  (218, 'Mike Mitchell'),
  (256, 'Neil Burger'),
  (257, 'Nicolas Benamou'),
  (258, 'Nicolas Cuche'),
  (259, 'Noam Murro'),
  (225, 'Olivier Barroux'),
  (226, 'Olivier Nakache'),
  (159, 'Olivier Van Hoofstadt'),
  (267, 'Orelsan'),
  (51, 'Paris Barclay'),
  (204, 'Pascale Pouzadoux'),
  (10, 'Patrice Lecompte'),
  (205, 'Patrick Alessandrin'),
  (142, 'Patrick Braoudé'),
  (227, 'Patrick Lussier'),
  (291, 'Patty Jenkins'),
  (56, 'Paul Verhhoeven'),
  (46, 'Paul W.S. Anderson'),
  (296, 'Pedro Almodovar'),
  (89, 'Pete Docter'),
  (191, 'Peter Berg'),
  (101, 'Peter Farrelly'),
  (130, 'Peter Hewitt'),
  (90, 'Peter Jackson'),
  (65, 'Peter Weir'),
  (192, 'Peyton Reed'),
  (241, 'Phil Lord'),
  (74, 'Philippe Dajoux'),
  (228, 'Philippe de Chauveron'),
  (131, 'Philippe Haim'),
  (219, 'Pierre Coffin'),
  (132, 'Pierre Morel'),
  (249, 'Pierre-François Martin-Laval'),
  (173, 'Quentin Dupieux'),
  (28, 'Quentin Tarantino'),
  (229, 'Rachid Dhibou'),
  (160, 'Raffy Shart'),
  (102, 'Raja Gosnell'),
  (133, 'Rawson Marshall Thurber'),
  (174, 'Régis Wargnier'),
  (206, 'Riad Sattouf'),
  (292, 'Rian Johnson'),
  (113, 'Richard Curtis'),
  (91, 'Richard Kelly'),
  (14, 'Richard Marquand'),
  (207, 'Ricky Gervais'),
  (80, 'Ridley Scott'),
  (277, 'Rob Burnett'),
  (92, 'Rob Cohen'),
  (161, 'Rob Marshall'),
  (75, 'Rob Minkoff'),
  (143, 'Robert Rodriguez'),
  (4, 'Robert Stevenson'),
  (21, 'Robert Zemeckis'),
  (57, 'Roberto Benigni'),
  (36, 'Roger Allers'),
  (134, 'Roland Emmerich'),
  (103, 'Roman Polanski'),
  (58, 'Ron Clements'),
  (208, 'Ruben Fleischer'),
  (230, 'Rupert Wyatt'),
  (278, 'Ryan Coogler'),
  (220, 'Ryan Murphy'),
  (104, 'Sam Raimi'),
  (279, 'Scott Derrickson'),
  (231, 'Seth Gordon'),
  (242, 'Seth McFarlane'),
  (250, 'Shane Black'),
  (162, 'Shawn Levy'),
  (93, 'Simon West'),
  (293, 'Sofia Coppola'),
  (163, 'Spike Lee'),
  (5, 'Stanley Kubrick'),
  (175, 'Stephen J. Anderson'),
  (114, 'Stephen Norrington'),
  (135, 'Stephen Sommers'),
  (251, 'Steve McQueen'),
  (144, 'Steve Rash'),
  (37, 'Steven De Souza'),
  (94, 'Steven Soderbergh'),
  (12, 'Steven Spielberg'),
  (18, 'Sydney Pollack'),
  (221, 'Sylvester Stallone'),
  (59, 'Sœurs Wachowski'),
  (52, 'Tad Stones'),
  (19, 'Ted Berman'),
  (13, 'Ted Kotcheff'),
  (60, 'Thomas Gilou'),
  (22, 'Tim Burton'),
  (176, 'Tim Hill'),
  (280, 'Tim Miller'),
  (145, 'Tim Story'),
  (193, 'Timur Bekmambetov'),
  (38, 'Toby Shelton'),
  (209, 'Todd Phillips'),
  (146, 'Tom McGrath'),
  (115, 'Tom Shadyac'),
  (66, 'Tony Kaye'),
  (67, 'Vincenzo Natali'),
  (1, 'Walt Disney'),
  (260, 'Wes Anderson'),
  (261, 'Wes Ball'),
  (6, 'Wolfgang Reitherman'),
  (177, 'Zack Snyder'),
  (232, 'Zep');

-- --------------------------------------------------------

--
-- Structure de la table `film`
--

DROP TABLE IF EXISTS `film`;
CREATE TABLE IF NOT EXISTS `film` (
  `id` int(11) NOT NULL AUTO_INCREMENT,
  `id_director` int(11) DEFAULT NULL,
  `title` varchar(100) NOT NULL,
  `title_fr` varchar(100) NOT NULL,
  `type` varchar(45) NOT NULL,
  `year` year(4) NOT NULL,
  `score` decimal(2,1) DEFAULT NULL,
  PRIMARY KEY (`id`),
  KEY `fk_film_director` (`id_director`)
) ENGINE=InnoDB AUTO_INCREMENT=431 DEFAULT CHARSET=utf8;

--
-- Déchargement des données de la table `film`
--

INSERT INTO `film` (`id`, `id_director`, `title`, `title_fr`, `type`, `year`, `score`) VALUES
  (1, 1, '﻿Snow White and the Seven Dwarfs', 'Blanche-Neige et les Sept Nains', 'Animation/Fantasy', 1937, '6.9'),
  (2, 2, 'Rear Window', 'Fenêtre sur Cour', 'Thriller/Action', 1954, '8.2'),
  (3, 2, 'Psycho', 'Psychose', 'Slasher/Thriller', 1960, '8.3'),
  (4, 3, 'Breakfast at Tiffany\'s', 'Diamants sur Canapé', 'Mélodrame/Comédie dramatique', 1961, '7.5'),
  (5, 2, 'the Birds', 'Les Oiseaux', 'Thriller/Drame', 1963, '7.5'),
  (6, 4, 'Mary Poppins', 'Mary Poppins', 'Comédie', 1964, '6.9'),
  (7, 5, '2001 : A Space Odissey', '2001 : L\'odyssée de l\'Espace', 'Fantasy/Science-fiction', 1968, '8.0'),
  (8, 6, 'the Aristocats', 'Les Aristochats', 'Animation/Comédie', 1970, '7.2'),
  (9, 7, 'The Godfather', 'Le Parrain', 'Drame/Policier', 1972, '8.5'),
  (10, 7, 'The Godfather 2', 'Le Parrain 2', 'Drame/Policier', 1975, '8.3'),
  (11, 8, 'The Rescuers', 'Les Aventures de Bernard et Bianca', 'Animation/Aventure', 1977, '6.7'),
  (12, 9, 'Star Wars IV : a New Hope', 'Star Wars IV : Un Nouvel Espoir', 'Fantasy/Science-fiction', 1977, '7.8'),
  (13, 10, 'Les Bronzés font du ski', 'Les Bronzés font du ski', 'Comédie', 1979, '6.7'),
  (14, 11, 'Star Wars V : The Empire Strikes Back', 'Star Wars V : L\'empire contre-attaque', 'Fantasy/Science-fiction', 1980, '8.2'),
  (15, 12, 'Raiders of the Lost Ark', 'Les aventuriers de l\'Arche Perdue', 'Action/Aventure', 1981, '7.8'),
  (16, 12, 'E.T. The extra-terrestrial', 'E.T. L\'extra-terrestre', 'Fantasy/Science-fiction', 1982, '7.1'),
  (17, 13, 'First Blood', 'Rambo', 'Thriller/Action', 1982, '7.0'),
  (18, 14, 'Star Wars VI : Return of the Jedi', 'Star Wars VI : Le Retour du Jedi', 'Fantasy/Science-fiction', 1983, '7.8'),
  (19, 15, 'Ghostbusters', 'SOS Fantômes', 'Fantasy/Comédie', 1984, '7.2'),
  (20, 16, 'Gremlins', 'Gremlins', 'Fantasy', 1984, '7.1'),
  (21, 17, 'Rambo : First Blood Part II', 'Rambo II : La Mission', 'Thriller/Action', 1985, '5.4'),
  (22, 18, 'Out of Africa', 'Out of Africa, Souvenirs d\'Afrique', 'Drame/Amour', 1985, '7.0'),
  (23, 19, 'The Black Cauldron', 'Taram et le chaudron magique', 'Animation/Fantasy', 1985, '6.4'),
  (24, 20, 'Tenku no Shiro Rapyuta', 'Le Château dans le Ciel', 'Animation/Fantasy', 1986, '7.9'),
  (25, 21, 'Who Framed Roger Rabbit', 'Qui veut la peau de Roger Rabbit ?', 'Fantasy/Policier', 1988, '7.5'),
  (26, 22, 'Beetlejuice', 'Beetlejuice', 'Fantasy/Comédie', 1988, '7.1'),
  (27, 23, 'Duck Tales : the Movie - Treasure of the Lost Lamp', 'La Bande à Picsou le film : Le Trésor de la Lampe Perdue', 'Animation/Aventure', 1990, '6.8'),
  (28, 24, 'The Addams Family', 'La Famille Adams', 'Comédie', 1991, '6.9'),
  (29, 25, 'Hot Shots!', 'Hot Shots!', 'Comédie', 1991, '6.6'),
  (30, 26, 'The silence of the Lambs', 'Le Silence des Agneaux', 'Policier/Thriller', 1991, '8.0'),
  (31, 27, 'Aladdin', 'Aladdin', 'Animation/Aventure', 1992, '7.5'),
  (32, 28, 'Reservoir Dogs', 'Reservoir Dogs', 'Policier/Thriller', 1992, '8.0'),
  (33, 29, 'Super Mario Bros.', 'Super Mario Bros.', 'Aventure/Comédie', 1993, '3.2'),
  (34, 24, 'Addams Family Values', 'Les Valeurs de La Famille Adams', 'Comédie', 1993, '6.7'),
  (35, 30, 'Groundhog Day', 'Un jour sans fin', 'Fantasy/Drame', 1993, '7.4'),
  (36, 31, 'Les Visiteurs', 'Les Visiteurs', 'Fantasy/Science-fiction', 1993, '6.4'),
  (37, 32, 'The Mask', 'The Mask', 'Fantasy/Action', 1994, '6.7'),
  (38, 33, 'A Troll in Central Park', 'Le Lutin Magique', 'Animation/Fantasy', 1994, '5.5'),
  (39, 34, 'Un Indien dans la ville', 'Un Indien dans la ville', 'Comédie', 1994, '5.2'),
  (40, 35, 'The Professional', 'Léon', 'Policier/Thriller', 1994, '7.5'),
  (41, 36, 'The Lion King', 'Le Roi Lion', 'Animation/Aventure', 1994, '7.9'),
  (42, 37, 'Street Fighter', 'Street Fighter : L\'Ultime Combat', 'Action', 1994, '3.4'),
  (43, 38, 'Aladdin : The Return of Jafar', 'Aladdin : Le Retour de Jafar', 'Animation/Aventure', 1994, '5.3'),
  (44, 39, 'The Usual Suspects', 'Usual Suspects', 'Policier/Thriller', 1995, '7.9'),
  (45, 40, 'Les Trois Frères', 'Les Trois Frères', 'Comédie', 1995, '6.5'),
  (46, 41, 'Jumanji', 'Jumanji', 'Fantasy/Thriller', 1995, '6.6'),
  (47, 41, 'Jumanji', 'Jumanji', 'Fantasy/Aventure', 1995, '6.6'),
  (48, 42, 'Toy Story 1', 'Toy Story 1', 'Animation/Comédie', 1995, '7.7'),
  (49, 43, 'A Goofy Movie', 'Dingo et Max', 'Animation/Aventure', 1995, '6.2'),
  (50, 44, 'Bad Boys', 'Bad Boys', 'Action/Comédie', 1995, '5.6'),
  (51, 45, 'Pocahontas', 'Pocahontas : Une Lègende Indienne', 'Animation/Aventure', 1995, '6.4'),
  (52, 46, 'Mortal Kombat', 'Mortal Kombat', 'Action', 1995, '4.1'),
  (53, 47, 'Jingle All The Way', 'La course au jouet', 'Comédie', 1996, '4.7'),
  (54, 48, 'Trainspotting', 'Trainspotting', 'Drame/Policier', 1996, '7.6'),
  (55, 49, 'The Hunchback of Notre-Dame', 'Le Bossu de Notre-Dame', 'Animation/Drame', 1996, '6.4'),
  (56, 50, 'Space Jam', 'Space Jam', 'Fantasy/Science-fiction', 1996, '5.7'),
  (57, 51, 'Don\'t be a Menace to South Central While Drinking Your Juice in the Hood', 'Spoof Movie', 'Comédie/Parodie', 1996, '5.0'),
  (58, 52, 'Aladdin and the King of Thieves', 'Aladdin et le roi des voleurs', 'Animation/Aventure', 1996, '5.7'),
  (59, 22, 'Mars Attacks !', 'Mars Attacks !', 'Comédie/Science-fiction', 1996, '6.8'),
  (60, 53, 'Didier', 'Didier', 'Comédie', 1997, '5.6'),
  (61, 24, 'Men in Black', 'Men in Black', 'Comédie/Science-fiction', 1997, '6.8'),
  (62, 54, 'Matilda', 'Matilda', 'Comédie Dramatique', 1997, '6.4'),
  (63, 33, 'Anastasia', 'Anastasia', 'Animation/Fantasy', 1997, '6.9'),
  (64, 55, 'Seven Years In Tibet', 'Sept ans au Tibet', 'Drame/Historique', 1997, '6.7'),
  (65, 35, 'The Fifth Element', 'Le cinquième élément', 'Fantasy/Science-fiction', 1997, '6.9'),
  (66, 56, 'Starship Troopers', 'Starship Troopers', 'Science-fiction/Action', 1997, '7.3'),
  (67, 57, 'La vita è bella', 'La vie est belle', 'Comédie dramatique/Drame', 1997, '7.7'),
  (68, 58, 'Hercules', 'Hercule', 'Animation/Aventure', 1997, '6.5'),
  (69, 59, 'The Matrix', 'Matrix', 'Fantasy/Science-fiction', 1997, '7.8'),
  (70, 60, 'La vérité si je mens', 'La vérité si je mens !', 'Comédie', 1997, '5.3'),
  (71, 61, 'Mulan', 'Mulan', 'Animation/Aventure', 1998, '7.2'),
  (72, 62, 'AntZ', 'FourmiZ', 'Animation/Aventure', 1998, '6.1'),
  (73, 63, 'Le Diner de cons', 'Le Diner de cons', 'Comédie', 1998, '7.1'),
  (74, 64, 'The Big Lebowsky', 'The Big Lebowsky', 'Comédie/Policier', 1998, '7.8'),
  (75, 31, 'Les Visiteurs 2 : Les Couloirs du Temps', 'Les Visiteurs 2 : Les Couloirs du Temps', 'Comédie', 1998, '4.6'),
  (76, 42, 'A Bug\'s Life', '1001 pattes', 'Animation/Aventure', 1998, '6.6'),
  (77, 65, 'The Truman Show', 'The Truman Show', 'Fantasy/Drame', 1998, '7.9'),
  (78, 66, 'American History X', 'American History X', 'Policier/Drame', 1998, '7.8'),
  (79, 67, 'Cube', 'Cube', 'Science-fiction/Thriller', 1998, '6.4'),
  (80, 68, 'Tarzan', 'Tarzan', 'Animation/Aventure', 1999, '6.8'),
  (81, 69, 'Astérix et Obélix contre César', 'Astérix et Obélix contre César', 'Fantasy/Aventure', 1999, '4.4'),
  (82, 70, 'Fight Club', 'Fight Club', 'Drame', 1999, '7.2'),
  (83, 71, 'My Favorite Martian', 'Mon Martien bien aimé', 'Science-fiction/Comédie', 1999, '4.9'),
  (84, 72, 'American Pie', 'American Pie', 'Comédie', 1999, '5.3'),
  (85, 9, 'Star Wars I : The Phantom Menace', 'Star Wars I : La Menace fantôme', 'Fantasy/Science-fiction', 1999, '6.1'),
  (86, 73, 'Le Château des Singes', 'Le Château des Singes', 'Animation/Aventure', 1999, '6.6'),
  (87, 42, 'Toy Story 2', 'Toy Story 2', 'Animation/Comédie', 1999, '7.1'),
  (88, 74, 'Les Collègues', 'Les Collègues', 'Comédie', 1999, '5.7'),
  (89, 75, 'Stuart Litlle', 'Stuart Litlle', 'Aventure/Comédie', 1999, '5.2'),
  (90, 39, 'X-Men', 'X-Men', 'Action/Science-fiction', 2000, '6.5'),
  (91, 76, 'Dinosaur', 'Dinosaure', 'Animation/Aventure', 2000, '5.9'),
  (92, 77, 'Meet the Parents', 'Mon Beau père et moi', 'Comédie/Amour', 2000, '5.9'),
  (93, 78, 'Scary Movie', 'Scary Movie', 'Comédie', 2000, '5.5'),
  (94, 79, 'Batoru Rowaiaru', 'Battle Royal', 'Thriller/Action', 2000, '6.9'),
  (95, 80, 'Gladiator', 'Gladiator', 'Drame/Action', 2000, '7.5'),
  (96, 81, 'Shrek', 'Shrek', 'Animation/Comédie', 2001, '7.1'),
  (97, 82, 'Yamakasi : Les Samouraïs des temps modernes', 'Yamakasi : Les Samouraïs des temps modernes', 'Action/Policier', 2001, '4.2'),
  (98, 83, 'Moulin Rouge !', 'Moulin Rouge !', 'Drame/Musical', 2001, '6.4'),
  (99, 84, 'La Tour Montparnasse Infernale', 'La Tour Montparnasse Infernale', 'Comédie', 2001, '5.3'),
  (100, 85, 'Harry Potter and the Philosopher\'s Stone', 'Harry Potter à l\'école des Sorciers', 'Fantastique/Aventure', 2001, '6.8'),
  (101, 86, 'Mulholland Dr.', 'Mulholland Drive', 'Enigme/Policier', 2001, '7.7'),
  (102, 20, 'Sen to Chihiro no Kamikakushi', 'Le Voyage de Chihiro', 'Animation/Fantasy', 2001, '8.4'),
  (103, 87, 'American Pie 1', 'American Pie 2', 'Comédie', 2001, '4.8'),
  (104, 88, 'How High', 'How High', 'Comédie', 2001, '5.7'),
  (105, 78, 'Scary Movie 2', 'Scary Movie 2', 'Comédie', 2001, '4.7'),
  (106, 89, 'Monsters inc', 'Monstres & Cie', 'Animation/Comédie', 2001, '7.4'),
  (107, 90, 'The lord of the Rings : The Fellowship of the ring', 'Le seigneur des anneaux : La communauté de l\'anneau', 'Fantasy/Action', 2001, '8.0'),
  (108, 91, 'Donnie Darko', 'Donnie Darko', 'Fantasy/Thriller', 2001, '7.6'),
  (109, 92, 'The Fast and the Furious', 'Fast and Furious', 'Action', 2001, '5.0'),
  (110, 93, 'Lara Croft : Tomb Raider', 'Lara Croft : Tomb Raider', 'Fantasy/Thriller', 2001, '4.3'),
  (111, 94, 'Ocean\'s Eleven', 'Ocean\'s Eleven', 'Policier/Thriller', 2001, '5.8'),
  (112, 60, 'La vérité si je mens 2', 'La vérité si je mens ! 2', 'Comédie', 2001, '5.0'),
  (113, 95, 'A Walk to Remember', 'Le temps d\'un automne', 'Drame/Romance', 2002, '5.7'),
  (114, 53, 'Astérix et Obélix : Mission Cléopâtre', 'Astérix et Obélix : Mission Cléopâtre', 'Comédie', 2002, '7.1'),
  (115, 24, 'Men in Black 2', 'Men in Black 2', 'Comédie/Science-fiction', 2002, '5.5'),
  (116, 85, 'Harry Potter and the Chamber of Secrets', 'Harry Potter et la chambre des secrets', 'Fantastique/Aventure', 2002, '6.5'),
  (117, 96, 'Ice Age', 'L\'Age de Glace', 'Animation/Comédie', 2002, '7.0'),
  (118, 48, '28 days later', '28 jours plus tard', 'Science-fiction/Thriller', 2002, '7.1'),
  (119, 9, 'Star Wars II : Attack of the Clones', 'Star Wars II : L\'attaque des clones', 'Fantasy/Science-fiction', 2002, '5.9'),
  (120, 97, 'Phone Booth', 'Phone Game', 'Policier/Thriller', 2002, '6.4'),
  (121, 98, 'The Transporter', 'Le Transporteur', 'Policier/Thriller', 2002, '5.1'),
  (122, 99, 'Ali G : Indahouse', 'Ali G', 'Comédie', 2002, '5.4'),
  (123, 100, '40 Days and 40 Nights', '40 jours et 40 nuits', 'Drame/Amour', 2002, '4.3'),
  (124, 46, 'Resident Evil', 'Resident Evil', 'Science-fiction/Action', 2002, '4.7'),
  (125, 101, 'Shallow Hall', 'L\'amour extra large', 'Comédie', 2002, '5.0'),
  (126, 90, 'The lord of the Rings : the Two Towers', 'Le seigneur des anneaux : Les Deux Tours', 'Fantasy/Action', 2002, '7.9'),
  (127, 102, 'Scoodby-Doo', 'Scoodby-Doo', 'Aventure/Comédie', 2002, '3.9'),
  (128, 103, 'The Pianist', 'Le Pianiste', 'Drame/Historique', 2002, '7.8'),
  (129, 104, 'Spider-man', 'Spider-man', 'Fantasy/Science-fiction', 2002, '6.6'),
  (130, 12, 'Minority Report', 'Minority Report', 'Enigme/Policier', 2002, '7.7'),
  (131, 105, 'Finding Nemo', 'Le monde de Nemo', 'Animation/Aventure', 2003, '7.2'),
  (132, 39, 'X2', 'X-men 2', 'Action/Science-fiction', 2003, '6.3'),
  (133, 106, 'After School Special', 'Sexe, Lycée et Vidéo', 'Comédie', 2003, '3.8'),
  (134, 107, 'Scary Movie 3', 'Scary Movie 3', 'Comédie', 2003, '4.7'),
  (135, 108, 'La Beuze', 'La Beuze', 'Comédie', 2003, '3.6'),
  (136, 109, 'Pirates of the Caribbean : The Curse of the Black Pearl', 'Pirates des Carïbes : La Malédiction du Black Pearl', 'Fantasy/Action', 2003, '6.9'),
  (137, 88, 'American Wedding', 'American Pie : Marions-les !', 'Comédie', 2003, '4.6'),
  (138, 110, '2 Fast 2 Furious', '2 Fast 2 Furious', 'Action', 2003, '4.2'),
  (139, 111, 'Dardevil', 'Dardevil', 'Fantasy/Thriller', 2003, '3.7'),
  (140, 112, 'Freaky Friday', 'Freaky Friday, dans la peau de ma Mère', 'Comédie', 2003, '4.8'),
  (141, 44, 'Bad Boys II', 'Bad Boys II', 'Action/Comédie', 2003, '5.1'),
  (142, 90, 'The lord of the Rings : The Return of the King', 'Le seigneur des anneaux : Le retour du Roi', 'Fantasy/Action', 2003, '8.0'),
  (143, 28, 'Kill Bill Vol. 1', 'Kill Bill Volume 1', 'Policier/Thriller', 2003, '7.6'),
  (144, 113, 'Love Actually', 'Love Actually', 'Comédie Dramatique', 2003, '6.3'),
  (145, 114, 'The League of Extraordinary Gentlemen', 'La Ligue des Gentleman Extraordinaires', 'Fantasy/Action', 2003, '4.7'),
  (146, 115, 'Bruce Almighty', 'Bruce Tout Puissant', 'Comédie', 2003, '5.6'),
  (147, 81, 'Shrek 2', 'Shrek 2', 'Animation/Comédie', 2004, '6.5'),
  (148, 53, 'RRRrrr!!!', 'RRRrrr!!!', 'Comédie', 2004, '5.3'),
  (149, 116, 'I, Robot', 'I, Robot', 'Thriller/Action', 2004, '6.0'),
  (150, 117, 'Harry Potter and the Prisoner of Azkaban', 'Harry Potter et le prisonnier d\'Azkaban', 'Fantastique/Aventure', 2004, '6.9'),
  (151, 118, 'The Incredibles', 'Les indestructibles', 'Animation/Action', 2004, '7.0'),
  (152, 119, 'Lemony Snicket\'s A Series of Unfortunate Events', 'Les Desastreuses Aventures des Orphelins Baudelaire', 'Fantasy/Aventure', 2004, '6.0'),
  (153, 120, 'You Got Served', 'Street Dancers', 'Drame/Musical', 2004, '5.1'),
  (154, 121, 'Les Choristes', 'Les Choristes', 'Drame', 2004, '5.7'),
  (155, 122, 'Million Dollar Baby', 'Million Dollar Baby', 'Sport/Drame', 2004, '7.6'),
  (156, 123, 'Harold & Kumar Go to Whitecastle', 'Harold et Kumar chassent le burger', 'Comédie', 2004, '6.2'),
  (157, 124, 'Shaun of the Dead', 'Shaun of the Dead', 'Comédie/Horreur', 2004, '7.4'),
  (158, 125, 'Shark Tale', 'Gang de requins', 'Animation/Comédie', 2004, '5.1'),
  (159, 126, 'The Butterfly Effect', 'L\'effet Papillon', 'Science-fiction/Thriller', 2004, '7.0'),
  (160, 108, 'Les 11 Commandements', 'Les 11 Commandements', 'Comédie', 2004, '4.1'),
  (161, 20, 'Hauru no Ugoku Shiro', 'Le Château Ambulant', 'Animation/Fantasy', 2004, '7.9'),
  (162, 55, 'Two Brothers', 'Deux Frères', 'Aventure/Drame', 2004, '6.1'),
  (163, 78, 'White Chicks', 'FBI : Fausses Blondes Infilitrées', 'Comédie/Policier', 2004, '3.9'),
  (164, 127, 'The Girl Next Door', 'Girl Next Door', 'Comédie/Romance', 2004, '5.3'),
  (165, 112, 'Mean Girls', 'Lolita Malgré moi', 'Comédie', 2004, '5.2'),
  (166, 128, 'Autobahnracer', 'Autoroute Racer', 'Action', 2004, '3.7'),
  (167, 129, 'Eternal Sunshine of the Spotless Mind', 'Eternal Sunshine of the Spotless Mind', 'Science-fiction/Drame', 2004, '7.8'),
  (168, 130, 'Garfield : the Movie', 'Garfield : le film', 'Animation/Comédie', 2004, '3.8'),
  (169, 131, 'Les Daltons', 'Les Daltons', 'Aventure/Comédie', 2004, '2.6'),
  (170, 132, 'Banlieue 13', 'Banlieue 13', 'Action/Aventure', 2004, '4.1'),
  (171, 28, 'Kill Bill Vol. 2', 'Kill Bill Volume 2', 'Policier/Thriller', 2004, '7.4'),
  (172, 102, 'Scooby-Doo 2 : Monsters Unleashed', 'Scoodby-Doo 2 : Les monstres se déchainent', 'Aventure/Comédie', 2004, '3.8'),
  (173, 133, 'Dodgeball : A True Underdog Story', 'Dodgeball', 'Comédie', 2004, '5.8'),
  (174, 134, 'The Day after Tomorrow', 'Le jour d\'après', 'Science-fiction/Aventure', 2004, '5.3'),
  (175, 104, 'Spider-man 2', 'Spider-man 2', 'Fantasy/Science-fiction', 2004, '6.2'),
  (176, 135, 'Van Helsing', 'Van Helsing', 'Fantasy/Action', 2004, '4.6'),
  (177, 94, 'Ocean\'s Twelve', 'Ocean\'s Twelve', 'Policier/Thriller', 2004, '5.8'),
  (178, 95, 'The Pacifier', 'Baby-Sittor', 'Action/Comédie', 2005, '3.9'),
  (179, 117, 'Harry Potter and the Goblet of Fire', 'Harry Potter et la Coupe de Feu', 'Fantastique/Aventure', 2005, '6.3'),
  (180, 136, 'The Chronicles of Narnia : The Lion, the Witch and the Wardrobe', 'Le monde de Narnia : Chapitre 1 - Le Lion, la Sorcière blanche et l\'Armoire magique', 'Fantasy/Aventure', 2005, '5.4'),
  (181, 137, 'The Amityville Horror', 'Amityville', 'Enigme/Horreur', 2005, '4.8'),
  (182, 138, 'Hitch', 'Hitch, Expert en Séduction', 'Comédie/Amour', 2005, '5.3'),
  (183, 139, 'Batman Begins', 'Batman Begins', 'Fantasy/Policier', 2005, '6.9'),
  (184, 9, 'Star Wars III : Revenge of the Sith', 'Star Wars III : La Revanche des Sith', 'Fantasy/Science-fiction', 2005, '6.8'),
  (185, 140, 'Brice de Nice', 'Brice de Nice', 'Comédie', 2005, '4.2'),
  (186, 77, 'Meet the Fockers', 'Mon Beau père, mes parents et moi', 'Comédie/Amour', 2005, '5.5'),
  (187, 141, 'The 40 Year Old Virgin', '40 ans, toujours puceau', 'Amour/Comédie', 2005, '5.4'),
  (188, 98, 'Unleashed', 'Danny the Dog', 'Thriller/Drame', 2005, '5.9'),
  (189, 44, 'The Island', 'The Island', 'Science-fiction/Aventure', 2005, '5.9'),
  (190, 142, 'Iznogoud', 'Iznogoud', 'Comédie', 2005, '2.7'),
  (191, 90, 'King Kong', 'King Kong', 'Drame/Action', 2005, '6.3'),
  (192, 143, 'Sin City', 'Sin City', 'Policier/Thriller', 2005, '7.3'),
  (193, 144, 'American Pie Presents : Band Camp', 'American Pie présente : No Limit !', 'Comédie', 2005, '3.6'),
  (194, 22, 'Charlie and the Chocolate Factory', 'Charlie et la Chocolaterie', 'Aventure/Comédie', 2005, '6.2'),
  (195, 145, 'Fantastic Four', 'Les 4 Fantastiques', 'Fantasy/Aventure', 2005, '4.3'),
  (196, 146, 'Madagascar', 'Madagascar', 'Animation/Comédie', 2005, '6.1'),
  (197, 147, 'The Hills Have Eyes', 'La Colline a des yeux', 'Slasher/Thriller', 2006, '6.2'),
  (198, 148, 'X-Men : The Last Stand', 'X-Men : L\'Affrontement final', 'Action/Science-fiction', 2006, '5.2'),
  (199, 149, 'Ice Age : The Meltdown', 'L\'Age de Glace 2', 'Animation/Comédie', 2006, '6.2'),
  (200, 139, 'The Prestige', 'Le Prestige', 'Science-fiction/Thriller', 2006, '7.6'),
  (201, 150, 'The Devils wears Prada', 'Le Diable s\'habille en Prada', 'Comédie dramatique/Amour', 2006, '5.6'),
  (202, 107, 'Scary Movie 4', 'Scary Movie 4', 'Comédie', 2006, '4.2'),
  (203, 151, 'Blood Diamond', 'Blood Diamond', 'Thriller/Drame', 2006, '6.8'),
  (204, 152, 'I see you.com', 'Voyeurs.com', 'Comédie', 2006, '4.5'),
  (205, 153, 'Camping', 'Camping', 'Comédie', 2006, '3.7'),
  (206, 154, 'The Pursuit of Happyness', 'A la recherche du bonheur', 'Drame/Film Biographique', 2006, '6.6'),
  (207, 109, 'Pirates of the Caribbean : Dead\'s Man Chest', 'Pirates des Carïbes : Le Secret du Coffre Maudit', 'Fantasy/Action', 2006, '6.2'),
  (208, 155, 'American Pie Presents : The Naked Mile', 'American Pie présente : String Academy', 'Comédie', 2006, '3.6'),
  (209, 156, 'The Fast and the Furious : Tokyo Drift', 'Fast and Furious : Tokyo Drift', 'Action', 2006, '4.2'),
  (211, 158, 'OSS 117 : Le Caire nid d\'espions', 'OSS 117 : Le Caire nid d\'espions', 'Policier/Comédie', 2006, '7.0'),
  (212, 159, 'Dikkenek', 'Dikkenek', 'Comédie', 2006, '6.5'),
  (213, 160, 'Incontrôlable', 'Incontrôlable', 'Comédie', 2006, '2.6'),
  (214, 161, 'Memoirs of a Geisha', 'Memoires d\'une Geisha', 'Drame/Romance', 2006, '7.0'),
  (215, 162, 'Night at the Museum', 'La nuit au musée', 'Aventure/Comédie', 2006, '5.3'),
  (216, 163, 'Inside Man', 'Inside Man', 'Thriller/Drame', 2006, '6.9'),
  (217, 164, 'American Pie Presents : Beta House', 'American Pie présente : Campus en Folie', 'Comédie', 2007, '3.8'),
  (218, 118, 'Ratatouille', 'Ratatouille', 'Animation/Fantasy', 2007, '7.2'),
  (219, 165, 'Shrek The Third', 'Shrek Le Troisième', 'Animation/Comédie', 2007, '5.1'),
  (220, 166, 'The Simpsons Movie', 'Les Simpsons, le Film', 'Animation/comédie', 2007, '6.5'),
  (221, 167, 'Harry Potter and the order of the Phoenix', 'Harry Potter et l\'ordre du Phenix', 'Fantastique/Aventure', 2007, '6.2'),
  (222, 124, 'Hot-Fuzz', 'Hot-Fuzz', 'Action/Comédie', 2007, '7.3'),
  (223, 168, 'I am a Legend', 'Je suis une Légende', 'Thriller/Drame', 2007, '6.1'),
  (224, 109, 'Pirates of the Caribbean : At World\'s End', 'Pirates des Carïbes : Jusqu\'au bout du monde', 'Fantasy/Action', 2007, '5.9'),
  (225, 169, 'Super Bad', 'Super Grave', 'Comédie', 2007, '6.2'),
  (226, 140, 'Hellphone', 'Hellphone', 'Comédie', 2007, '3.4'),
  (227, 157, 'High School Musical 2', 'High School Musical 2', 'Musical', 2007, '3.3'),
  (228, 170, 'Next', 'Next', 'Thriller/Action', 2007, '4.7'),
  (229, 171, 'Ghost Rider', 'Ghost Rider', 'Fantasy/Action', 2007, '3.5'),
  (230, 172, 'The Hills Have Eyes 2', 'La Colline a des yeux 2', 'Slasher/Thriller', 2007, '4.2'),
  (231, 173, 'Steak', 'Steak', 'Science-fiction/Comédie', 2007, '5.4'),
  (232, 28, 'Death Proof', 'Boulevard de la Mort', 'Slasher/Thriller', 2007, '6.7'),
  (233, 174, 'Pars Vite et Reviens Tard', 'Pars Vite et Reviens Tard', 'Thriller Policier', 2007, '5.2'),
  (234, 143, 'Planet Terror', 'Planet Terreur', 'Catastrophe/Thriller', 2007, '6.8'),
  (235, 104, 'Spider-man 3', 'Spider-man 3', 'Fantasy/Science-fiction', 2007, '5.3'),
  (236, 175, 'Meet the Robinsons', 'Bienvenue chez les Robinsons', 'Animation/Comédie', 2007, '5.6'),
  (237, 94, 'Ocean\'s Thirteen', 'Ocean\'s Thirteen', 'Policier/Thriller', 2007, '5.6'),
  (238, 176, 'Alvin and the Chimpmunks', 'Alvin et les Chimpmunks', 'Animation/Comédie', 2007, '4.1'),
  (239, 145, 'Fantastic Four : rise of the Silver Surfer', 'Les 4 Fantastiques et le Sufeur d\'Argent', 'Fantasy/Aventure', 2007, '3.9'),
  (240, 177, '300', '300', 'Fantasy/Action', 2007, '6.4'),
  (241, 147, 'Mirrors', 'Mirrors', 'Thriller/Mystère', 2008, '5.5'),
  (242, 136, 'The Chronicles of Narnia : Prince Caspian', 'Le monde de Narnia : Chapitre 2 - Le Prince Caspian', 'Fantasy/Aventure', 2008, '4.9'),
  (243, 105, 'Wall-E', 'Wall-E', 'Animation/Fantasy', 2008, '7.7'),
  (244, 178, 'Bolt', 'Volt, star malgré lui', 'Animation/Aventure', 2008, '5.6'),
  (245, 139, 'The Dark Knight', 'The Dark Knight, le chevalier noir', 'Fantasy/Policier', 2008, '8.0'),
  (246, 179, 'Superhero Movie', 'Super-hero Movie', 'Action/Comédie', 2008, '4.0'),
  (247, 180, 'Bienvenue chez les Ch\'tis', 'Bienvenue chez les Ch\'tis', 'Comédie', 2008, '4.5'),
  (248, 181, 'You Don\'t Mess With the Zohan', 'Rien que pour vos cheveux', 'Action/Comédie', 2008, '5.6'),
  (249, 182, 'Die Welle', 'La vague', 'Thriller/Drame', 2008, '7.2'),
  (250, 183, 'Jumper', 'Jumper', 'Science-fiction/Thriller', 2008, '4.8'),
  (251, 184, 'Seuls Two', 'Seuls Two', 'Comédie', 2008, '4.2'),
  (252, 185, 'Astérix aux Jeux Olympiques', 'Astérix aux Jeux Olympiques', 'Fantasy/Aventure', 2008, '2.7'),
  (253, 186, 'Meet the Spartans', 'Spartatouille', 'Comédie', 2008, '3.1'),
  (254, 187, 'Never Back Down', 'Never Back Down', 'Action', 2008, '5.2'),
  (255, 188, 'Dr Seuss\' Horton Heras a Who', 'Horton', 'Animation/Comédie', 2008, '5.5'),
  (256, 189, 'Iron Man', 'Iron Man', 'Action/Science-fiction', 2008, '6.6'),
  (257, 157, 'High School Musical 3 : Senior Year', 'High School Musical : Nos années Lycée', 'Musical', 2008, '3.4'),
  (258, 190, 'Kung-Fu Panda', 'Kung-Fu Panda', 'Animation/Action', 2008, '6.6'),
  (259, 191, 'Hancock', 'Hancock', 'Fantasy/Action', 2008, '5.4'),
  (260, 192, 'Yes Man', 'Yes Man', 'Comédie', 2008, '6.0'),
  (261, 132, 'Taken', 'Taken', 'Action/Thriller', 2008, '6.1'),
  (262, 193, 'Wanted', 'Wanted : Choisis ton destin', 'Thriller/Action', 2008, '5.1'),
  (263, 149, 'Ice Age : Dawn of the Dinosaurs', 'L\'Age de Glace 3 : Le temps des Dinossaures', 'Animation/Comédie', 2009, '6.0'),
  (264, 194, 'Cyprien', 'Cyprien', 'Comédie', 2009, '3.0'),
  (265, 167, 'Harry potter and the half blood Prince', 'Harry Potter et le prince de sang mélé', 'Fantastique/Aventure', 2009, '6.1'),
  (266, 195, 'Lascars', 'Lascars', 'Animation/Comédie', 2009, '6.5'),
  (267, 196, 'Neuilly sa mère !', 'Neuilly sa mère !', 'Comédie', 2009, '4.5'),
  (268, 197, 'X-men Origins : Wolverine', 'X-men Origins : Wolverine', 'Action/Science-fiction', 2009, '4.7'),
  (269, 198, 'Avatar', 'Avatar', 'Fantasy/Science-fiction', 2009, '6.2'),
  (270, 140, 'Lucky Luke', 'Lucky Luke', 'Aventure/Comédie', 2009, '3.4'),
  (271, 199, 'American Pie Presents : The Book of Love', 'American Pie présente : Les Sex Commandements', 'Comédie', 2009, '3.4'),
  (272, 200, 'Aliens in the Attic', 'Les Zintrus', 'Fantasy/Aventure', 2009, '4.2'),
  (273, 201, 'Surrogates', 'Clones', 'Thriller/Action', 2009, '5.3'),
  (274, 156, 'Fast and Furious', 'Fast and Furious 4', 'Action', 2009, '4.6'),
  (275, 202, 'Le petit Nicolas', 'Le petit Nicolas', 'Comédie', 2009, '4.8'),
  (276, 203, 'LOL', 'LOL', 'Comédie', 2009, '4.4'),
  (277, 112, 'Ghosts of Girlfriend\'s Past', 'Hante par ses exs', 'Comédie/Romance', 2009, '4.2'),
  (278, 158, 'OSS 117 : Rio ne répond plus', 'OSS 117 : Rio ne répond plus', 'Policier/Comédie', 2009, '7.3'),
  (279, 204, 'De l\'autre côté du lit', 'De l\'autre côté du lit', 'Comédie', 2009, '4.1'),
  (280, 205, 'Banlieue 13 - Ultimatum', 'Banlieue 13 - Ultimatum', 'Action/Aventure', 2009, '3.7'),
  (281, 89, 'Up', 'Là-Haut', 'Animation/Comédie Dramatique', 2009, '7.5'),
  (282, 206, 'Les Beaux Gosses', 'Les Beaux Gosses', 'Comédie', 2009, '5.8'),
  (283, 207, 'The Invention of Lying', 'Mytho Man !', 'Comédie', 2009, '5.8'),
  (284, 208, 'Zombieland', 'Bienvenue à Zombieland', 'Science-fiction/Aventure', 2009, '6.9'),
  (285, 209, 'The Hangover', 'Very Bad Trip', 'Comédie', 2009, '6.3'),
  (286, 210, 'The Other Guys', 'Very Bad Cops', 'Comédie/Policier', 2010, '5.8'),
  (287, 178, 'Tangled', 'Raiponce', 'Animation/Fantasy', 2010, '6.8'),
  (288, 139, 'Inception', 'Inception', 'Science-fiction/Thriller', 2010, '7.5'),
  (289, 167, 'Harry Potter and the Deathly Hallows : part 1', 'Harry Potter et les Reliques de la mort : partie 1', 'Fantastique/Aventure', 2010, '6.5'),
  (290, 211, 'Protéger & Servir', 'Protéger & Servir', 'Comédie', 2010, '3.3'),
  (291, 153, 'Camping 2', 'Camping 2', 'Comédie', 2010, '2.9'),
  (292, 212, 'Le Coursier', 'Le Coursier', 'Action/Comédie', 2010, '3.3'),
  (293, 189, 'Iron Man 2', 'Iron Man 2', 'Action/Science-fiction', 2010, '5.4'),
  (294, 213, 'Toy Story 3', 'Toy Story 3', 'Animation/Comédie', 2010, '7.5'),
  (295, 214, 'Shutter Island', 'Shutter Island', 'Thriller/Drame', 2010, '7.6'),
  (296, 215, 'Kick-Ass', 'Kick-Ass', 'Action/Comédie', 2010, '6.9'),
  (297, 216, 'Daybreakers', 'Daybreakers', 'Fantasy/Thriller', 2010, '5.7'),
  (298, 217, 'Fatal', 'Fatal', 'Musical/Comédie', 2010, '4.7'),
  (299, 218, 'Shrek Forever After', 'Shrek 4 : Il était une fin', 'Animation/Comédie', 2010, '5.0'),
  (300, 219, 'Despicable Me', 'Moi, moche et méchant', 'Animation/Comédie', 2010, '6.7'),
  (301, 220, 'Eat, Pray, Love', 'Mange, prie, aime', 'Drame', 2010, '4.9'),
  (302, 221, 'The Expendables', 'Expendables : Unité Speciale', 'Action', 2010, '5.2'),
  (303, 146, 'Megamind', 'Megamind', 'Animation/Comédie', 2010, '6.1'),
  (304, 67, 'Splice', 'Splice', 'Horreur/Thriller', 2010, '5.4'),
  (305, 222, 'In Time', 'Time out', 'Science-fiction/Thriller', 2011, '5.6'),
  (306, 167, 'Harry Potter and the Deathly Hallows : part 2', 'Harry Potter et les Reliques de la mort : partie 2', 'Fantastique/Aventure', 2011, '6.7'),
  (307, 41, 'Captain America : The First Avenger', 'Captain America : First Avenger', 'Action/Science-fiction', 2011, '5.5'),
  (308, 223, 'Thor', 'Thor', 'Fantasy/Science-fiction', 2011, '5.2'),
  (309, 224, 'Case Départ', 'Case Départ', 'Comédie', 2011, '5.3'),
  (310, 214, 'Hugo', 'Hugo Cabret', 'Aventure/Drame', 2011, '6.5'),
  (311, 225, 'Les Tuches', 'Les Tuches', 'Comédie', 2011, '4.4'),
  (312, 226, 'Intouchables', 'Intouchables', 'Comédie Dramatique', 2011, '6.9'),
  (313, 227, 'Drive Angry', 'Hell Driver', 'Action/Thriller', 2011, '4.2'),
  (314, 228, 'L\'eleve Ducobu', 'L\'eleve Ducobu', 'Comédie', 2011, '3.2'),
  (315, 229, 'Hallal Police D\'etat', 'Hallal Police D\'etat', 'Comédie', 2011, '3.4'),
  (316, 230, 'Rise of the planet of the Apes', 'La planète des singes : Les Origines', 'Science-fiction/Thriller', 2011, '6.6'),
  (317, 231, 'Horrible Bosses', 'Comment tuer son boss', 'Comédie/Policier', 2011, '5.5'),
  (318, 162, 'Real Steel', 'Real Steel', 'Drame/Action', 2011, '5.7'),
  (319, 232, 'Titeuf, le Film', 'Titeuf, le Film', 'Animation/Comédie', 2011, '4.9'),
  (320, 53, 'Sur la Piste du Marsupilami', 'Sur la Piste du Marsupilami', 'Aventure/Comédie', 2012, '4.4'),
  (321, 233, 'Le prénom', 'Le prénom', 'Comédie', 2012, '6.5'),
  (322, 105, 'John Carter', 'John Carter', 'Action/Aventure', 2012, '5.4'),
  (323, 24, 'Men in Black 3', 'Men in Black 3', 'Comédie/Science-fiction', 2012, '5.8'),
  (324, 234, 'Dr Seuss\' The Lorax', 'Le Lorax', 'Animation/Fantasy', 2012, '5.5'),
  (325, 139, 'The Dark Knight Rises', 'The Dark Knight Rises', 'Fantasy/Policier', 2012, '6.8'),
  (326, 235, 'The Cabin in the Woods', 'La Cabane dans les Bois', 'Thriller/Mystère', 2012, '6.2'),
  (327, 236, 'Les Kaïras', 'Les Kaïras', 'Comédie', 2012, '4.6'),
  (328, 237, 'American Reunion', 'American Pie 4', 'Comédie', 2012, '5.0'),
  (329, 238, 'The Avengers', 'Avengers', 'Action/Science-fiction', 2012, '6.5'),
  (330, 239, 'The Dictator', 'The Dictator', 'Comédie', 2012, '5.5'),
  (331, 202, 'Astérix et Obélix : Au Service de Sa Majesté', 'Astérix et Obélix : Au Service de Sa Majesté', 'Comédie', 2012, '3.5'),
  (332, 240, 'The Amazing Spider-man', 'The Amazing Spider-man', 'Fantasy/Science-fiction', 2012, '5.6'),
  (333, 241, '21 Jump Street', '21 Jump Street', 'Action/Comédie', 2012, '6.3'),
  (334, 228, 'Les vacances de Ducobu', 'Les vacances de Ducobu', 'Comédie', 2012, '2.9'),
  (335, 242, 'Ted', 'Ted', 'Fantasy/Comédie', 2012, '5.7'),
  (336, 93, 'The Expendables 2', 'Expendables 2  : Unité Speciale', 'Action', 2012, '5.5'),
  (337, 59, 'Cloud Atlas', 'Cloud Atlas', 'Drame/Aventure', 2012, '7.0'),
  (338, 60, 'La vérité si je mens 3', 'La vérité si je mens ! 3', 'Comédie', 2012, '4.2'),
  (339, 243, 'Thor : The Dark World', 'Thor : Le monde des Ténèbres', 'Fantasy/Science-fiction', 2013, '5.3'),
  (340, 244, 'Les Gamins', 'Les Gamins', 'Comédie', 2013, '5.6'),
  (341, 68, 'Frozen', 'La reine des neiges', 'Animation/Fantasy', 2013, '6.2'),
  (342, 245, 'Monsters University', 'Monstres Academy', 'Animation/Comédie', 2013, '6.4'),
  (343, 246, 'Prisoners', 'Prisoners', 'Policier/Thriller', 2013, '7.6'),
  (344, 247, 'Pacific Rim', 'Pacific Rim', 'Fantasy/Science-fiction', 2013, '6.2'),
  (345, 248, 'The Conjuring', 'Conjuring : Les dossiers Warren', 'Horreur', 2013, '7.3'),
  (346, 98, 'Now You See Me', 'Insaisissables', 'Enigme/Policier', 2013, '5.9'),
  (347, 219, 'Despicable Me 2', 'Moi, moche et méchant 2', 'Animation/Comédie', 2013, '6.3'),
  (348, 249, 'Les Profs', 'Les Profs', 'Comédie', 2013, '3.7'),
  (349, 133, 'We\'re the Millers', 'Les Miller, une famille en herbe', 'Comédie', 2013, '5.7'),
  (350, 250, 'Iron Man 3', 'Iron Man 3', 'Action/Science-fiction', 2013, '5.9'),
  (351, 251, '12 Years A Slave', '12 Years A Slave', 'Drame/Historique', 2013, '7.3'),
  (352, 177, 'Man of Steel', 'Man of Steel', 'Fantasy/Science-fiction', 2013, '5.5'),
  (353, 252, 'Astérix : Le Domaine des Dieux', 'Astérix : Le Domaine des Dieux', 'Animation/Comédie', 2014, '6.8'),
  (354, 139, 'Interstellar', 'Interstellar', 'Enigme/Science-fiction', 2014, '7.8'),
  (355, 183, 'Edge of Tomorrow', 'Edge of Tomorrow', 'Action/Science-fiction', 2014, '6.8'),
  (356, 62, 'The Pinguins of Madagascar', 'Les Pingouins de Madagascar', 'Animation/Comédie', 2014, '5.8'),
  (357, 253, 'Captain America : The Winter Soldier', 'Captain America : Le soldat de l\'hiver', 'Action/Science-fiction', 2014, '6.0'),
  (358, 254, 'Guardians of the Galaxy vol. 1', 'Les Gardiens de la Galaxy', 'Fantasy/Action', 2014, '7.0'),
  (359, 35, 'Lucy', 'Lucy', 'Thriller/Action', 2014, '4.6'),
  (360, 255, 'Dawn of the planet of the Apes', 'La planète des singes : L\'affrontement', 'Science-fiction/Thriller', 2014, '6.3'),
  (361, 256, 'Divergente', 'Divergente', 'Enigme/Science-fiction', 2014, '5.1'),
  (362, 257, 'Babysitting', 'Babysitting', 'Comédie', 2014, '5.7'),
  (363, 258, 'Prêt à tout !', 'Prêt à tout !', 'Comédie', 2014, '4.6'),
  (364, 259, '300 : Rise of an Empire', '300 : La naissance d\'un Empire', 'Fantasy/Action', 2014, '4.8'),
  (365, 241, '22 Jump Street', '22 Jump Street', 'Action/Comédie', 2014, '6.0'),
  (366, 241, 'the LEGO Movie', 'La Grande Aventure LEGO', 'Fantasy/Aventure', 2014, '7.1'),
  (367, 228, 'Qu\'est ce qu\'on a fait au bon Dieu ?', 'Qu\'est ce qu\'on a fait au bon Dieu ?', 'Comédie', 2014, '4.9'),
  (368, 143, 'Sin City : A Dame to Kill for', 'Sin City : J\'ai tué pour Elle', 'Policier/Thriller', 2014, '6.0'),
  (369, 260, 'The Grand Budapest Hotel', 'The Grand Budapest Hotel', 'Policier/Drame', 2014, '7.8'),
  (370, 261, 'The Maze Runer', 'Le Labyrinthe', 'Enigme/Science-fiction', 2014, '5.5'),
  (371, 262, 'Big Hero 6', 'Les Nouveaux Héros', 'Animation/Aventure', 2015, '6.9'),
  (372, 263, 'Jurassic World', 'Jurassic World', 'Science-fiction/Thriller', 2015, '5.3'),
  (373, 264, 'Mad Max : Fury Road', 'Mad Max : Fury Road', 'Fantasy/Science-fiction', 2015, '7.7'),
  (374, 265, 'Star Wars VII : The force awakens', 'Star Wars VII : Le réveil de la force', 'Fantasy/Action', 2015, '6.7'),
  (375, 238, 'Avengers : Age of Ultron', 'Avengers l\'Ere d\'Ultron', 'Action/Science-fiction', 2015, '5.8'),
  (376, 240, 'The Amazing Spider-man 1', 'The Amazing Spider-man : Le destin d\'un héros', 'Fantasy/Science-fiction', 2015, '5.3'),
  (377, 266, 'Papa ou maman', 'Papa ou maman', 'Comédie', 2015, '5.6'),
  (378, 267, 'Comment c\'est loin', 'Comment c\'est loin', 'Comédie', 2015, '6.9'),
  (379, 89, 'Inside Out', 'Vice-Versa', 'Animation/Comédie Dramatique', 2015, '7.5'),
  (380, 59, 'Jupiter Ascending', 'Jupiter : Le destin de l\'univers', 'Fantasy/Science-fiction', 2015, '4.7'),
  (381, 261, 'Maze Runer : The Scorch Trials', 'Le Labyrinthe : La terre brûlée', 'Enigme/Science-fiction', 2015, '5.1'),
  (382, 268, 'The Revenant', 'The Revenant', 'Thriller/Drame', 2016, '7.4'),
  (383, 116, 'Gods of Egypt', 'Gods of Egypt', 'Fantasy/Action', 2016, '4.1'),
  (384, 105, 'Finding Dory', 'Le monde de Dory', 'Animation/Aventure', 2016, '6.6'),
  (385, 178, 'Zootopia', 'Zootopie', 'Enigme/Policier', 2016, '7.4'),
  (386, 269, 'La La Land', 'La La Land', 'Drame/Film d\'amour', 2016, '7.7'),
  (387, 270, 'Swiss Army Man', 'Swiss Army Man', 'Fantasy/Drame', 2016, '7.1'),
  (388, 167, 'Fantastic Beasts and Where to Find Them', 'Les Animaux Fantastiques', 'Fantastique/Aventure', 2016, '6.5'),
  (389, 271, 'Warcraft', 'Warcraft : Le Commencement', 'Action/Aventure', 2016, '5.8'),
  (390, 236, 'Pattaya', 'Pattaya', 'Comédie', 2016, '4.4'),
  (391, 253, 'Captain America : Civil War', 'Captain America : Civil War', 'Action/Science-fiction', 2016, '6.1'),
  (392, 272, 'Rogue One : A Star Wars Story', 'Rogue One', 'Fantasy/Action', 2016, '6.8'),
  (393, 273, 'Lion', 'Lion', 'Drame/Film biographique', 2016, '7.3'),
  (394, 274, 'Demain tout commence', 'Demain tout commence', 'Comédie Dramatique', 2016, '6.4'),
  (395, 275, 'Divines', 'Divines', 'Drame', 2016, '7.1'),
  (396, 248, 'The conjuring 2', 'Conjuring 2 : Le cas Enfield', 'Enigme/Thriller', 2016, '6.4'),
  (397, 189, 'The Jungle Book', 'Le livre de la jungle', 'Fantasy', 2016, '6.4'),
  (398, 276, 'Captain Fantastic', 'Captain Fantastic', 'Drame/Comédie', 2016, '7.5'),
  (399, 225, 'Les Tuches 2', 'Les Tuches 2', 'Comédie', 2016, '4.3'),
  (400, 56, 'Elle', 'Elle', 'Thriller/Drame', 2016, '6.8'),
  (401, 133, 'Central Intelligence', 'Agents Presque Secrets', 'Action/Comédie', 2016, '5.3'),
  (402, 277, 'The fundamentals of caring', 'The fundamentals of caring', 'Drame', 2016, '6.6'),
  (403, 278, 'Creed', 'Creed : L\'Héritage de Rocky Balboa', 'Sport/Drame', 2016, '6.9'),
  (404, 279, 'Doctor Strange', 'Doctor Strange', 'Action/Science-fiction', 2016, '6.4'),
  (405, 22, 'Miss Peregrine\'s Home for Peculiar Children', 'Miss Peregrine et les Enfants Particuliers', 'Fantasy/Drame', 2016, '6.1'),
  (406, 280, 'Deadpool', 'Deadpool', 'Science-fiction/Action', 2016, '6.7'),
  (407, 281, 'Nelyubov', 'Faute d\'amour', 'Drame', 2017, '7.2'),
  (408, 282, 'Moonlight', 'Moonlight', 'Drame', 2017, '7.1'),
  (409, 283, 'Okja', 'Okja', 'Science-fiction/Drame', 2017, '7.2'),
  (410, 139, 'Dunkirk', 'Dunkerque', 'Thriller/Drame', 2017, '7.2'),
  (411, 284, 'Mother !', 'Mother !', 'Enigme/Thriller', 2017, '6.4'),
  (412, 124, 'Baby Driver', 'Baby Driver', 'Policier/Thriller', 2017, '7.1'),
  (413, 285, 'Problemos', 'Problemos', 'Comédie', 2017, '5.8'),
  (414, 254, 'Guardians of the Galaxy vol. 2', 'Les Gardiens de la Galaxy 2', 'Fantasy/Action', 2017, '6.7'),
  (415, 286, 'Spider-man : Homecoming', 'Spider-man : Homecoming', 'Fantasy/Science-fiction', 2017, '6.1'),
  (416, 287, 'Get Out', 'Get Out', 'Enigme/Thriller', 2017, '7.1'),
  (417, 288, 'Mazinger Z : Infinity', 'Mazinger Z : Infinity', 'Animation/Science-fiction', 2017, '5.2'),
  (418, 223, 'Murder on the Orient Express', 'Le Crime de l\'Orient Express', 'Policier/Thriller', 2017, '0.0'),
  (419, 213, 'Coco', 'Coco', 'Animation/Fantasy', 2017, '7.9'),
  (420, 35, 'Valerian and the city of a Thousand Planets', 'Valerian et la cité des mille planètes', 'Fantasy/Science-fiction', 2017, '5.5'),
  (421, 289, 'I don\'t feel at home in this Wold Anymore', 'I don\'t feel at home in this Wold Anymore', 'Policier/Thriller', 2017, '6.4'),
  (422, 255, 'War for the planet of the Apes', 'La planète des singes : Suprématie', 'Science-fiction/Thriller', 2017, '6.8'),
  (423, 290, 'Naked', 'Naked', 'Comédie', 2017, '4.4'),
  (424, 291, 'Wonder Woman', 'Wonder Woman', 'Fantasy/Science-fiction', 2017, '5.8'),
  (425, 292, 'Star Wars VIII : The Last Jedi', 'Star Wars VIII : Les Derniers Jedi', 'Fantasy/Action', 2017, '0.0'),
  (426, 293, 'The Beguiled', 'Les Proies', 'Thriller/Drame', 2017, '5.7'),
  (427, 177, 'Justice League', 'Justice League', 'Fantasy/Science-fiction', 2017, '5.1'),
  (428, 294, 'Jumanji : Welcome to the  jungle', 'Jumanji : Bienvenue dans la jungle', 'Fantasy/Aventure', 2017, '0.0'),
  (429, 295, 'A Simple Wish', 'La Guerre des Fées', 'Fantasy/Comédie', 1998, '4.9'),
  (430, NULL, 'Incredibles 2', 'Les Indestructibles 2', 'Animation', 2018, '8.0');

-- --------------------------------------------------------

--
-- Structure de la table `film_as_type`
--

DROP TABLE IF EXISTS `film_as_type`;
CREATE TABLE IF NOT EXISTS `film_as_type` (
  `id_film` int(11) NOT NULL,
  `id_type` int(11) NOT NULL,
  KEY `fk_type_film` (`id_film`),
  KEY `fk_type_type` (`id_type`)
) ENGINE=InnoDB DEFAULT CHARSET=utf8;

--
-- Déchargement des données de la table `film_as_type`
--

INSERT INTO `film_as_type` (`id_film`, `id_type`) VALUES
  (1, 1),
  (1, 6),
  (2, 2),
  (2, 8),
  (3, 2),
  (3, 3),
  (4, 4),
  (4, 5),
  (4, 7),
  (4, 11),
  (5, 2),
  (5, 7),
  (6, 5),
  (7, 6),
  (7, 12),
  (8, 1),
  (8, 5),
  (9, 7),
  (9, 9),
  (10, 7),
  (10, 9),
  (11, 1),
  (11, 10),
  (12, 6),
  (12, 12),
  (13, 5),
  (14, 6),
  (14, 12),
  (15, 8),
  (15, 10),
  (16, 6),
  (16, 12),
  (17, 2),
  (17, 8),
  (18, 6),
  (18, 12),
  (19, 5),
  (19, 6),
  (20, 6),
  (21, 2),
  (21, 8),
  (22, 7),
  (22, 16),
  (23, 1),
  (23, 6),
  (24, 1),
  (24, 6),
  (25, 6),
  (25, 9),
  (26, 5),
  (26, 6),
  (27, 1),
  (27, 10),
  (28, 5),
  (29, 5),
  (30, 2),
  (30, 9),
  (31, 1),
  (31, 10),
  (32, 2),
  (32, 9),
  (33, 5),
  (33, 10),
  (34, 5),
  (35, 6),
  (35, 7),
  (36, 6),
  (36, 12),
  (37, 6),
  (37, 8),
  (38, 1),
  (38, 6),
  (39, 5),
  (40, 2),
  (40, 9),
  (41, 1),
  (41, 10),
  (42, 8),
  (43, 1),
  (43, 10),
  (44, 2),
  (44, 9),
  (45, 5),
  (46, 2),
  (46, 6),
  (47, 6),
  (47, 10),
  (48, 1),
  (48, 5),
  (49, 1),
  (49, 10),
  (50, 5),
  (50, 8),
  (51, 1),
  (51, 10),
  (52, 8),
  (53, 5),
  (54, 7),
  (54, 9),
  (55, 1),
  (55, 7),
  (56, 6),
  (56, 12),
  (57, 5),
  (57, 21),
  (58, 1),
  (58, 10),
  (59, 5),
  (59, 12),
  (60, 5),
  (61, 5),
  (61, 12),
  (62, 5),
  (62, 11),
  (63, 1),
  (63, 6),
  (64, 7),
  (64, 22),
  (65, 6),
  (65, 12),
  (66, 8),
  (66, 12),
  (67, 5),
  (67, 7),
  (67, 11),
  (68, 1),
  (68, 10),
  (69, 6),
  (69, 12),
  (70, 5),
  (71, 1),
  (71, 10),
  (72, 1),
  (72, 10),
  (73, 5),
  (74, 5),
  (74, 9),
  (75, 5),
  (76, 1),
  (76, 10),
  (77, 6),
  (77, 7),
  (78, 7),
  (78, 9),
  (79, 2),
  (79, 12),
  (80, 1),
  (80, 10),
  (81, 6),
  (81, 10),
  (82, 7),
  (83, 5),
  (83, 12),
  (84, 5),
  (85, 6),
  (85, 12),
  (86, 1),
  (86, 10),
  (87, 1),
  (87, 5),
  (88, 5),
  (89, 5),
  (89, 10),
  (90, 8),
  (90, 12),
  (91, 1),
  (91, 10),
  (92, 5),
  (92, 16),
  (93, 5),
  (94, 2),
  (94, 8),
  (95, 7),
  (95, 8),
  (96, 1),
  (96, 5),
  (97, 8),
  (97, 9),
  (98, 7),
  (98, 17),
  (99, 5),
  (100, 10),
  (100, 13),
  (101, 9),
  (101, 14),
  (102, 1),
  (102, 6),
  (103, 5),
  (104, 5),
  (105, 5),
  (106, 1),
  (106, 5),
  (107, 6),
  (107, 8),
  (108, 2),
  (108, 6),
  (109, 8),
  (110, 2),
  (110, 6),
  (111, 2),
  (111, 9),
  (112, 5),
  (113, 7),
  (113, 23),
  (114, 5),
  (115, 5),
  (115, 12),
  (116, 10),
  (116, 13),
  (117, 1),
  (117, 5),
  (118, 2),
  (118, 12),
  (119, 6),
  (119, 12),
  (120, 2),
  (120, 9),
  (121, 2),
  (121, 9),
  (122, 5),
  (123, 7),
  (123, 16),
  (124, 8),
  (124, 12),
  (125, 5),
  (126, 6),
  (126, 8),
  (127, 5),
  (127, 10),
  (128, 7),
  (128, 22),
  (129, 6),
  (129, 12),
  (130, 9),
  (130, 14),
  (131, 1),
  (131, 10),
  (132, 8),
  (132, 12),
  (133, 5),
  (134, 5),
  (135, 5),
  (136, 6),
  (136, 8),
  (137, 5),
  (138, 8),
  (139, 2),
  (139, 6),
  (140, 5),
  (141, 5),
  (141, 8),
  (142, 6),
  (142, 8),
  (143, 2),
  (143, 9),
  (144, 5),
  (144, 11),
  (145, 6),
  (145, 8),
  (146, 5),
  (147, 1),
  (147, 5),
  (148, 5),
  (149, 2),
  (149, 8),
  (150, 10),
  (150, 13),
  (151, 1),
  (151, 8),
  (152, 6),
  (152, 10),
  (153, 7),
  (153, 17),
  (154, 7),
  (155, 7),
  (155, 15),
  (156, 5),
  (157, 5),
  (157, 20),
  (158, 1),
  (158, 5),
  (159, 2),
  (159, 12),
  (160, 5),
  (161, 1),
  (161, 6),
  (162, 7),
  (162, 10),
  (163, 5),
  (163, 9),
  (164, 5),
  (164, 23),
  (165, 5),
  (166, 8),
  (167, 7),
  (167, 12),
  (168, 1),
  (168, 5),
  (169, 5),
  (169, 10),
  (170, 8),
  (170, 10),
  (171, 2),
  (171, 9),
  (172, 5),
  (172, 10),
  (173, 5),
  (174, 10),
  (174, 12),
  (175, 6),
  (175, 12),
  (176, 6),
  (176, 8),
  (177, 2),
  (177, 9),
  (178, 5),
  (178, 8),
  (179, 10),
  (179, 13),
  (180, 6),
  (180, 10),
  (181, 14),
  (181, 20),
  (182, 5),
  (182, 16),
  (183, 6),
  (183, 9),
  (184, 6),
  (184, 12),
  (185, 5),
  (186, 5),
  (186, 16),
  (187, 5),
  (187, 16),
  (188, 2),
  (188, 7),
  (189, 10),
  (189, 12),
  (190, 5),
  (191, 7),
  (191, 8),
  (192, 2),
  (192, 9),
  (193, 5),
  (194, 5),
  (194, 10),
  (195, 6),
  (195, 10),
  (196, 1),
  (196, 5),
  (197, 2),
  (197, 3),
  (198, 8),
  (198, 12),
  (199, 1),
  (199, 5),
  (200, 2),
  (200, 12),
  (201, 5),
  (201, 11),
  (201, 16),
  (202, 5),
  (203, 2),
  (203, 7),
  (204, 5),
  (205, 5),
  (206, 7),
  (206, 24),
  (207, 6),
  (207, 8),
  (208, 5),
  (209, 8),
  (210, 17),
  (211, 5),
  (211, 9),
  (212, 5),
  (213, 5),
  (214, 7),
  (214, 23),
  (215, 5),
  (215, 10),
  (216, 2),
  (216, 7),
  (217, 5),
  (218, 1),
  (218, 6),
  (219, 1),
  (219, 5),
  (220, 1),
  (220, 5),
  (221, 10),
  (221, 13),
  (222, 5),
  (222, 8),
  (223, 2),
  (223, 7),
  (224, 6),
  (224, 8),
  (225, 5),
  (226, 5),
  (227, 17),
  (228, 2),
  (228, 8),
  (229, 6),
  (229, 8),
  (230, 2),
  (230, 3),
  (231, 5),
  (231, 12),
  (232, 2),
  (232, 3),
  (233, 2),
  (233, 9),
  (233, 18),
  (234, 2),
  (234, 19),
  (235, 6),
  (235, 12),
  (236, 1),
  (236, 5),
  (237, 2),
  (237, 9),
  (238, 1),
  (238, 5),
  (239, 6),
  (239, 10),
  (240, 6),
  (240, 8),
  (241, 2),
  (241, 25),
  (242, 6),
  (242, 10),
  (243, 1),
  (243, 6),
  (244, 1),
  (244, 10),
  (245, 6),
  (245, 9),
  (246, 5),
  (246, 8),
  (247, 5),
  (248, 5),
  (248, 8),
  (249, 2),
  (249, 7),
  (250, 2),
  (250, 12),
  (251, 5),
  (252, 6),
  (252, 10),
  (253, 5),
  (254, 8),
  (255, 1),
  (255, 5),
  (256, 8),
  (256, 12),
  (257, 17),
  (258, 1),
  (258, 8),
  (259, 6),
  (259, 8),
  (260, 5),
  (261, 2),
  (261, 8),
  (262, 2),
  (262, 8),
  (263, 1),
  (263, 5),
  (264, 5),
  (265, 10),
  (265, 13),
  (266, 1),
  (266, 5),
  (267, 5),
  (268, 8),
  (268, 12),
  (269, 6),
  (269, 12),
  (270, 5),
  (270, 10),
  (271, 5),
  (272, 6),
  (272, 10),
  (273, 2),
  (273, 8),
  (274, 8),
  (275, 5),
  (276, 5),
  (277, 5),
  (277, 23),
  (278, 5),
  (278, 9),
  (279, 5),
  (280, 8),
  (280, 10),
  (281, 1),
  (281, 5),
  (281, 11),
  (282, 5),
  (283, 5),
  (284, 10),
  (284, 12),
  (285, 5),
  (286, 5),
  (286, 9),
  (287, 1),
  (287, 6),
  (288, 2),
  (288, 12),
  (289, 10),
  (289, 13),
  (290, 5),
  (291, 5),
  (292, 5),
  (292, 8),
  (293, 8),
  (293, 12),
  (294, 1),
  (294, 5),
  (295, 2),
  (295, 7),
  (296, 5),
  (296, 8),
  (297, 2),
  (297, 6),
  (298, 5),
  (298, 17),
  (299, 1),
  (299, 5),
  (300, 1),
  (300, 5),
  (301, 7),
  (302, 8),
  (303, 1),
  (303, 5),
  (304, 2),
  (304, 20),
  (305, 2),
  (305, 12),
  (306, 10),
  (306, 13),
  (307, 8),
  (307, 12),
  (308, 6),
  (308, 12),
  (309, 5),
  (310, 7),
  (310, 10),
  (311, 5),
  (312, 5),
  (312, 11),
  (313, 2),
  (313, 8),
  (314, 5),
  (315, 5),
  (316, 2),
  (316, 12),
  (317, 5),
  (317, 9),
  (318, 7),
  (318, 8),
  (319, 1),
  (319, 5),
  (320, 5),
  (320, 10),
  (321, 5),
  (322, 8),
  (322, 10),
  (323, 5),
  (323, 12),
  (324, 1),
  (324, 6),
  (325, 6),
  (325, 9),
  (326, 2),
  (326, 25),
  (327, 5),
  (328, 5),
  (329, 8),
  (329, 12),
  (330, 5),
  (331, 5),
  (332, 6),
  (332, 12),
  (333, 5),
  (333, 8),
  (334, 5),
  (335, 5),
  (335, 6),
  (336, 8),
  (337, 7),
  (337, 10),
  (338, 5),
  (339, 6),
  (339, 12),
  (340, 5),
  (341, 1),
  (341, 6),
  (342, 1),
  (342, 5),
  (343, 2),
  (343, 9),
  (344, 6),
  (344, 12),
  (345, 20),
  (346, 9),
  (346, 14),
  (347, 1),
  (347, 5),
  (348, 5),
  (349, 5),
  (350, 8),
  (350, 12),
  (351, 7),
  (351, 22),
  (352, 6),
  (352, 12),
  (353, 1),
  (353, 5),
  (354, 12),
  (354, 14),
  (355, 8),
  (355, 12),
  (356, 1),
  (356, 5),
  (357, 8),
  (357, 12),
  (358, 6),
  (358, 8),
  (359, 2),
  (359, 8),
  (360, 2),
  (360, 12),
  (361, 12),
  (361, 14),
  (362, 5),
  (363, 5),
  (364, 6),
  (364, 8),
  (365, 5),
  (365, 8),
  (366, 6),
  (366, 10),
  (367, 5),
  (368, 2),
  (368, 9),
  (369, 7),
  (369, 9),
  (370, 12),
  (370, 14),
  (371, 1),
  (371, 10),
  (372, 2),
  (372, 12),
  (373, 6),
  (373, 12),
  (374, 6),
  (374, 8),
  (375, 8),
  (375, 12),
  (376, 6),
  (376, 12),
  (377, 5),
  (378, 5),
  (379, 1),
  (379, 5),
  (379, 11),
  (380, 6),
  (380, 12),
  (381, 12),
  (381, 14),
  (382, 2),
  (382, 7),
  (383, 6),
  (383, 8),
  (384, 1),
  (384, 10),
  (385, 9),
  (385, 14),
  (386, 7),
  (386, 16),
  (386, 26),
  (387, 6),
  (387, 7),
  (388, 10),
  (388, 13),
  (389, 8),
  (389, 10),
  (390, 5),
  (391, 8),
  (391, 12),
  (392, 6),
  (392, 8),
  (393, 7),
  (393, 24),
  (394, 5),
  (394, 11),
  (395, 7),
  (396, 2),
  (396, 14),
  (397, 6),
  (398, 5),
  (398, 7),
  (399, 5),
  (400, 2),
  (400, 7),
  (401, 5),
  (401, 8),
  (402, 7),
  (403, 7),
  (403, 15),
  (404, 8),
  (404, 12),
  (405, 6),
  (405, 7),
  (406, 8),
  (406, 12),
  (407, 7),
  (408, 7),
  (409, 7),
  (409, 12),
  (410, 2),
  (410, 7),
  (411, 2),
  (411, 14),
  (412, 2),
  (412, 9),
  (413, 5),
  (414, 6),
  (414, 8),
  (415, 6),
  (415, 12),
  (416, 2),
  (416, 14),
  (417, 1),
  (417, 12),
  (418, 2),
  (418, 9),
  (419, 1),
  (419, 6),
  (420, 6),
  (420, 12),
  (421, 2),
  (421, 9),
  (422, 2),
  (422, 12),
  (423, 5),
  (424, 6),
  (424, 12),
  (425, 6),
  (425, 8),
  (426, 2),
  (426, 7),
  (427, 6),
  (427, 12),
  (428, 6),
  (428, 10),
  (429, 5),
  (429, 6),
  (430, 1);

-- --------------------------------------------------------

--
-- Structure de la table `type`
--

DROP TABLE IF EXISTS `type`;
CREATE TABLE IF NOT EXISTS `type` (
  `id` int(11) NOT NULL AUTO_INCREMENT,
  `name` varchar(45) NOT NULL,
  PRIMARY KEY (`id`),
  UNIQUE KEY `name` (`name`)
) ENGINE=InnoDB AUTO_INCREMENT=27 DEFAULT CHARSET=utf8;

--
-- Déchargement des données de la table `type`
--

INSERT INTO `type` (`id`, `name`) VALUES
  (8, 'Action'),
  (16, 'Amour'),
  (1, 'Animation'),
  (10, 'Aventure'),
  (19, 'Catastrophe'),
  (5, 'Comédie'),
  (11, 'Comédie Dramatique'),
  (7, 'Drame'),
  (14, 'Enigme'),
  (13, 'Fantastique'),
  (6, 'Fantasy'),
  (24, 'Film Biographique'),
  (26, 'Film d\'amour'),
  (22, 'Historique'),
  (20, 'Horreur'),
  (4, 'Mélodrame'),
  (17, 'Musical'),
  (25, 'Mystère'),
  (21, 'Parodie'),
  (9, 'Policier'),
  (23, 'Romance'),
  (12, 'Science-fiction'),
  (3, 'Slasher'),
  (15, 'Sport'),
  (2, 'Thriller'),
  (18, 'Thriller Policier');

--
-- Contraintes pour les tables déchargées
--

--
-- Contraintes pour la table `archive_film`
--
ALTER TABLE `archive_film`
  ADD CONSTRAINT `fk_archive_film_director` FOREIGN KEY (`id_director`) REFERENCES `director` (`id`);

--
-- Contraintes pour la table `film`
--
ALTER TABLE `film`
  ADD CONSTRAINT `fk_film_director` FOREIGN KEY (`id_director`) REFERENCES `director` (`id`) ON DELETE SET NULL;
COMMIT;

/*!40101 SET CHARACTER_SET_CLIENT=@OLD_CHARACTER_SET_CLIENT */;
/*!40101 SET CHARACTER_SET_RESULTS=@OLD_CHARACTER_SET_RESULTS */;
/*!40101 SET COLLATION_CONNECTION=@OLD_COLLATION_CONNECTION */;
